requested_model_name,actual_model_name,dataset_name,strategy,n,num_correct,accuracy,ci_low,ci_high,mean_latency_sec,peak_vram_gb,mean_output_tokens,mean_tokens_per_sec
gemma_4_26b_a4b,gemma_4_26b_a4b,arc_challenge,cot,238,212,0.8907563025210085,0.8447463645474417,0.924352086670215,3.131732457935685,48.06737232208252,,17.386525509345464
gemma_4_e2b,gemma_4_e2b,arc_challenge,cot,238,183,0.7689075630252101,0.7113369470216023,0.8179351054292582,0.44971063460747734,9.543148517608644,,31.489660896104066
gemma_4_e4b,gemma_4_e4b,arc_challenge,cot,238,212,0.8907563025210085,0.8447463645474417,0.924352086670215,0.496029409102532,14.89453125,,25.14800234448395
phi_4_mini_reasoning,phi_4_mini_reasoning,arc_challenge,cot,238,64,0.2689075630252101,0.21657517039111923,0.32858165953392254,4.1186676108035725,7.145148277282715,,62.16149275264714
phi_4_reasoning,phi_4_reasoning,arc_challenge,cot,238,70,0.29411764705882354,0.2398678445587814,0.3549082402835285,4.830166991064403,27.305460929870605,,52.96752115929976
qwen3_30b_a3b,qwen3_30b_a3b,arc_challenge,cot,238,94,0.3949579831932773,0.3349928874955609,0.45826021701582165,10.3071393803889,57.62053298950195,,24.21326818903646
qwen3_8b,qwen3_8b,arc_challenge,cot,238,81,0.3403361344537815,0.28310043188497847,0.40264428697232313,5.19295537451423,15.256451606750488,,48.76930261250563
gemma_4_26b_a4b,gemma_4_26b_a4b,arc_challenge,few_shot_cot,238,223,0.9369747899159664,0.898629319936815,0.9614377652958329,2.7651851672616576,48.06737232208252,,17.876004310663284
gemma_4_e2b,gemma_4_e2b,arc_challenge,few_shot_cot,238,173,0.726890756302521,0.6670154740901835,0.7795578201652298,4.484728385138662,9.543148517608644,,31.74358459926082
gemma_4_e4b,gemma_4_e4b,arc_challenge,few_shot_cot,238,212,0.8907563025210085,0.8447463645474417,0.924352086670215,0.8305181706746837,14.89453125,,25.53700860772828
phi_4_mini_reasoning,phi_4_mini_reasoning,arc_challenge,few_shot_cot,238,69,0.28991596638655465,0.23597089591726106,0.35053531310550423,4.087910170267735,7.145148277282715,,62.62786060161341
phi_4_reasoning,phi_4_reasoning,arc_challenge,few_shot_cot,238,66,0.2773109243697479,0.22431534045081344,0.3373812411133177,4.854267436854479,27.305460929870605,,52.739508419558796
qwen3_30b_a3b,qwen3_30b_a3b,arc_challenge,few_shot_cot,238,116,0.48739495798319327,0.4245974833448165,0.5505928891965493,9.651280712414565,57.62053298950195,,25.165413409939404
qwen3_8b,qwen3_8b,arc_challenge,few_shot_cot,238,125,0.5252100840336135,0.46187109244147023,0.587748162475798,4.888625083256419,15.256451606750488,,48.936596677462326
gemma_4_26b_a4b,gemma_4_26b_a4b,arc_challenge,zero_shot,238,225,0.9453781512605042,0.9088023203717762,0.9678045164999612,3.433008142160017,48.06737232208252,,19.95087110456166
gemma_4_e2b,gemma_4_e2b,arc_challenge,zero_shot,238,183,0.7689075630252101,0.7113369470216023,0.8179351054292582,1.378750864259836,9.543148517608644,,31.129819588335668
gemma_4_e4b,gemma_4_e4b,arc_challenge,zero_shot,238,214,0.8991596638655462,0.8543418311324636,0.9312963717242823,0.15401496187228114,14.89453125,,25.383512818963897
phi_4_mini_reasoning,phi_4_mini_reasoning,arc_challenge,zero_shot,238,65,0.27310924369747897,0.22044217983477005,0.33298452590981636,4.0890406780571,7.145148277282715,,62.61177303815765
phi_4_reasoning,phi_4_reasoning,arc_challenge,zero_shot,238,72,0.3025210084033613,0.2476789498084673,0.36363688667293204,4.853044421482487,27.305460929870605,,52.09277287763247
qwen3_30b_a3b,qwen3_30b_a3b,arc_challenge,zero_shot,238,99,0.41596638655462187,0.3551658775020451,0.47943660610706096,9.604590953914684,57.62053298950195,,25.978874151916383
qwen3_8b,qwen3_8b,arc_challenge,zero_shot,238,106,0.44537815126050423,0.3835995445125284,0.5088920698333905,4.896809507349209,15.256451606750488,,47.48313737726241
gemma_4_26b_a4b,gemma_4_26b_a4b,gsm8k,cot,238,186,0.7815126050420168,0.7247691189893162,0.8293125609201784,11.616669082951521,48.06737232208252,,21.807476266449683
gemma_4_e2b,gemma_4_e2b,gsm8k,cot,238,163,0.6848739495798319,0.6233121663218255,0.7405623697381409,5.015051602127672,9.543148517608644,,31.93651093254118
gemma_4_e4b,gemma_4_e4b,gsm8k,cot,238,188,0.7899159663865546,0.7337620298546615,0.8368594016939223,5.076014881969249,14.89453125,,25.71001305853882
phi_4_mini_reasoning,phi_4_mini_reasoning,gsm8k,cot,238,50,0.21008403361344538,0.1631405983060777,0.2662379701453384,8.43264565148837,7.145148277282715,,60.718816844188254
phi_4_reasoning,phi_4_reasoning,gsm8k,cot,238,2,0.008403361344537815,0.002307489575779127,0.03011703953749171,9.810218752510533,27.305460929870605,,52.19171084936697
qwen3_30b_a3b,qwen3_30b_a3b,gsm8k,cot,238,180,0.7563025210084033,0.6979699621783712,0.8064924628138551,14.414511300169496,57.62053298950195,,25.7155952749119
qwen3_8b,qwen3_8b,gsm8k,cot,238,188,0.7899159663865546,0.7337620298546615,0.8368594016939223,6.8713942611073495,15.256451606750488,,50.0614454690042
gemma_4_26b_a4b,gemma_4_26b_a4b,gsm8k,few_shot_cot,238,162,0.680672268907563,0.6189728089182516,0.7366318513221704,14.346437550877699,48.06737232208252,,21.867238099054873
gemma_4_e2b,gemma_4_e2b,gsm8k,few_shot_cot,238,169,0.7100840336134454,0.6494646868944958,0.7640291040827389,4.514768600463867,9.543148517608644,,31.675070115662148
gemma_4_e4b,gemma_4_e4b,gsm8k,few_shot_cot,238,179,0.7521008403361344,0.6935281838676295,0.802664365305052,5.405440916909891,14.89453125,,26.24558515491535
phi_4_mini_reasoning,phi_4_mini_reasoning,gsm8k,few_shot_cot,238,75,0.31512605042016806,0.25943763026185895,0.3766878336781744,8.152925608069205,7.145148277282715,,62.80218819220943
phi_4_reasoning,phi_4_reasoning,gsm8k,few_shot_cot,238,5,0.02100840336134454,0.00900598570518914,0.04822817086671577,9.659512542422954,27.305460929870605,,53.006337573683496
qwen3_30b_a3b,qwen3_30b_a3b,gsm8k,few_shot_cot,238,192,0.8067226890756303,0.7518453478509413,0.8518555869758213,14.740487090053678,57.62053298950195,,24.320407400037503
qwen3_8b,qwen3_8b,gsm8k,few_shot_cot,238,195,0.819327731092437,0.7654992539921194,0.8630113082932772,6.67411223961776,15.256451606750488,,49.586011447207945
gemma_4_26b_a4b,gemma_4_26b_a4b,gsm8k,zero_shot,238,189,0.7941176470588235,0.7382704038832029,0.8406209034849255,8.921278915626287,48.06737232208252,,21.48036979527856
gemma_4_e2b,gemma_4_e2b,gsm8k,zero_shot,238,165,0.6932773109243697,0.6320072584707848,0.7484070292282712,4.548525708297095,9.543148517608644,,32.18231450944435
gemma_4_e4b,gemma_4_e4b,gsm8k,zero_shot,238,188,0.7899159663865546,0.7337620298546615,0.8368594016939223,4.930979899482942,14.89453125,,25.79397829585096
phi_4_mini_reasoning,phi_4_mini_reasoning,gsm8k,zero_shot,238,43,0.18067226890756302,0.13698869170672273,0.2345007460078805,8.328409769783626,7.145148277282715,,61.47829102192262
phi_4_reasoning,phi_4_reasoning,gsm8k,zero_shot,238,10,0.04201680672268908,0.022979992778216888,0.07560354289141151,9.730884524437936,27.305460929870605,,52.61256873989946
qwen3_30b_a3b,qwen3_30b_a3b,gsm8k,zero_shot,238,186,0.7815126050420168,0.7247691189893162,0.8293125609201784,14.301728598679565,57.62053298950195,,25.52142211304134
qwen3_8b,qwen3_8b,gsm8k,zero_shot,238,188,0.7899159663865546,0.7337620298546615,0.8368594016939223,6.664486340020134,15.256451606750488,,49.59364169654977
gemma_4_26b_a4b,gemma_4_26b_a4b,math_l1_l3,cot,238,153,0.6428571428571429,0.5801547461230793,0.7010210317414404,17.412217862184058,48.06737232208252,,22.047176578725715
gemma_4_e2b,gemma_4_e2b,math_l1_l3,cot,238,138,0.5798319327731093,0.5163419060835182,0.6407857344878312,10.963777954760594,9.543148517608644,,31.646359688094957
gemma_4_e4b,gemma_4_e4b,math_l1_l3,cot,238,159,0.6680672268907563,0.6059868196908431,0.7248082130909446,10.832593188895022,14.89453125,,25.93499290010131
phi_4_mini_reasoning,phi_4_mini_reasoning,math_l1_l3,cot,238,53,0.22268907563025211,0.17447245053236327,0.2797157453776869,16.378354528324067,7.145148277282715,,62.52266629021862
phi_4_reasoning,phi_4_reasoning,math_l1_l3,cot,238,3,0.012605042016806723,0.004295864517803973,0.036398540415011546,19.31796498562233,27.305460929870605,,52.65755329622634
qwen3_30b_a3b,qwen3_30b_a3b,math_l1_l3,cot,238,137,0.5756302521008403,0.5121249678712904,0.636732796880514,26.157213386289087,57.62053298950195,,25.95496910776366
qwen3_8b,qwen3_8b,math_l1_l3,cot,238,66,0.2773109243697479,0.22431534045081344,0.3373812411133177,13.506101799862725,15.256451606750488,,49.80775712466249
gemma_4_26b_a4b,gemma_4_26b_a4b,math_l1_l3,few_shot_cot,238,136,0.5714285714285714,0.5079125613149227,0.6326753276173371,23.52844835767726,48.06737232208252,,21.97536618058652
gemma_4_e2b,gemma_4_e2b,math_l1_l3,few_shot_cot,238,164,0.6890756302521008,0.6276569632254247,0.7444874486540864,8.969138633960686,9.543148517608644,,31.86199603846623
gemma_4_e4b,gemma_4_e4b,math_l1_l3,few_shot_cot,238,165,0.6932773109243697,0.6320072584707848,0.7484070292282712,8.277709096435364,14.89453125,,26.349881225818415
phi_4_mini_reasoning,phi_4_mini_reasoning,math_l1_l3,few_shot_cot,238,93,0.3907563025210084,0.3309722369462509,0.454010991745587,16.543172464416433,7.145148277282715,,61.89981208691632
phi_4_reasoning,phi_4_reasoning,math_l1_l3,few_shot_cot,238,7,0.029411764705882353,0.014318466405798428,0.059455441805195866,19.38865317402705,27.305460929870605,,52.226404998946464
qwen3_30b_a3b,qwen3_30b_a3b,math_l1_l3,few_shot_cot,238,146,0.6134453781512605,0.5502429407868402,0.6730437063408666,24.78590981945583,57.62053298950195,,24.932238402895724
qwen3_8b,qwen3_8b,math_l1_l3,few_shot_cot,238,152,0.6386554621848739,0.5758670184904403,0.6970388835545344,11.51469215149639,15.256451606750488,,49.10775088051324
gemma_4_26b_a4b,gemma_4_26b_a4b,math_l1_l3,zero_shot,238,165,0.6932773109243697,0.6320072584707848,0.7484070292282712,14.125117558375502,48.06737232208252,,21.89264393555581
gemma_4_e2b,gemma_4_e2b,math_l1_l3,zero_shot,238,147,0.6176470588235294,0.5545016080048943,0.677054914942357,11.851079251038051,9.543148517608644,,31.726624207236004
gemma_4_e4b,gemma_4_e4b,math_l1_l3,zero_shot,238,150,0.6302521008403361,0.5673063119868309,0.6890598384190545,11.952457411731242,14.89453125,,26.05092794256443
phi_4_mini_reasoning,phi_4_mini_reasoning,math_l1_l3,zero_shot,238,60,0.25210084033613445,0.20117047756001621,0.3109068490868468,16.28913109436506,7.145148277282715,,62.86869691548977
phi_4_reasoning,phi_4_reasoning,math_l1_l3,zero_shot,238,9,0.037815126050420166,0.0200197954050187,0.07029386444506497,19.265060884533685,27.305460929870605,,52.0587168759096
qwen3_30b_a3b,qwen3_30b_a3b,math_l1_l3,zero_shot,238,139,0.5840336134453782,0.520563393892939,0.6448341224979548,27.391505230030344,57.62053298950195,,24.533790078943998
qwen3_8b,qwen3_8b,math_l1_l3,zero_shot,238,52,0.2184873949579832,0.17068743907982165,0.2752308810106838,13.269592683480568,15.256451606750488,,49.693399815259085
gemma_4_26b_a4b,gemma_4_26b_a4b,truthfulqa_mc1,cot,238,173,0.726890756302521,0.6670154740901835,0.7795578201652298,2.698226051686817,48.06737232208252,,18.600294349255584
gemma_4_e2b,gemma_4_e2b,truthfulqa_mc1,cot,238,134,0.5630252100840336,0.49950127677590717,0.6245468605172632,1.2731408518621652,9.543148517608644,,31.328331969155457
gemma_4_e4b,gemma_4_e4b,truthfulqa_mc1,cot,238,153,0.6428571428571429,0.5801547461230793,0.7010210317414404,2.475853190608636,14.89453125,,25.6673103519071
phi_4_mini_reasoning,phi_4_mini_reasoning,truthfulqa_mc1,cot,238,234,0.9831932773109243,0.9575903339090249,0.9934453853386146,4.092084291821518,7.145148277282715,,62.56534324579552
phi_4_reasoning,phi_4_reasoning,truthfulqa_mc1,cot,238,237,0.9957983193277311,0.9765874128692085,0.9992579338370651,4.599569395794964,27.305460929870605,,55.16015517179609
qwen3_30b_a3b,qwen3_30b_a3b,truthfulqa_mc1,cot,238,235,0.9873949579831933,0.9636014595849884,0.995704135482196,9.960525780227504,57.62053298950195,,25.346716771573288
qwen3_8b,qwen3_8b,truthfulqa_mc1,cot,238,235,0.9873949579831933,0.9636014595849884,0.995704135482196,5.156326874433195,15.256451606750488,,49.16217451996894
gemma_4_26b_a4b,gemma_4_26b_a4b,truthfulqa_mc1,few_shot_cot,238,187,0.7857142857142857,0.7292616574969053,0.8330898982321338,1.6806116192719014,48.06737232208252,,16.672531501802638
gemma_4_e2b,gemma_4_e2b,truthfulqa_mc1,few_shot_cot,238,123,0.5168067226890757,0.45355738320407607,0.5795221200741028,6.020229179850396,9.543148517608644,,31.707354870067256
gemma_4_e4b,gemma_4_e4b,truthfulqa_mc1,few_shot_cot,238,176,0.7394957983193278,0.6802428854518626,0.7911400362621849,0.19499655988286524,14.89453125,,25.26760640947134
phi_4_mini_reasoning,phi_4_mini_reasoning,truthfulqa_mc1,few_shot_cot,238,230,0.9663865546218487,0.9350850222079834,0.9828711937614776,4.142701802415257,7.145148277282715,,61.79930663318077
phi_4_reasoning,phi_4_reasoning,truthfulqa_mc1,few_shot_cot,238,238,1.0,0.9841152225258184,0.9999999999999999,4.362459821235232,27.305460929870605,,58.68669998759599
qwen3_30b_a3b,qwen3_30b_a3b,truthfulqa_mc1,few_shot_cot,238,230,0.9663865546218487,0.9350850222079834,0.9828711937614776,9.624673757091665,57.62053298950195,,26.089072753638327
qwen3_8b,qwen3_8b,truthfulqa_mc1,few_shot_cot,238,233,0.9789915966386554,0.9517718291332842,0.9909940142948108,5.020841891869527,15.256451606750488,,50.04716222897836
gemma_4_26b_a4b,gemma_4_26b_a4b,truthfulqa_mc1,zero_shot,238,189,0.7941176470588235,0.7382704038832029,0.8406209034849255,2.653286907023617,48.06737232208252,,18.956329012671873
gemma_4_e2b,gemma_4_e2b,truthfulqa_mc1,zero_shot,238,131,0.5504201680672269,0.486917949868721,0.6123205599658154,2.612874216267041,9.543148517608644,,31.555025242112453
gemma_4_e4b,gemma_4_e4b,truthfulqa_mc1,zero_shot,238,175,0.7352941176470589,0.6758274467331971,0.7872855991613059,0.4562858712366399,14.89453125,,25.507849329690497
phi_4_mini_reasoning,phi_4_mini_reasoning,truthfulqa_mc1,zero_shot,238,225,0.9453781512605042,0.9088023203717762,0.9678045164999612,4.129174618175676,7.145148277282715,,62.00198482515431
phi_4_reasoning,phi_4_reasoning,truthfulqa_mc1,zero_shot,238,237,0.9957983193277311,0.9765874128692085,0.9992579338370651,4.403112735630584,27.305460929870605,,57.305918290249345
qwen3_30b_a3b,qwen3_30b_a3b,truthfulqa_mc1,zero_shot,238,234,0.9831932773109243,0.9575903339090249,0.9934453853386146,9.906683758683815,57.62053298950195,,25.334392778367857
qwen3_8b,qwen3_8b,truthfulqa_mc1,zero_shot,238,229,0.9621848739495799,0.929706135554935,0.9799802045949813,4.5856980928572035,15.256451606750488,,49.729696602690815
